# t002 (aa), control side, recorded by bench trials
timestamp,latency_p50,latency_p90,latency_p99,error_rate,cpu,heap_growth,errors_total,requests_total
1791134900,0.024928857186440678,0.04427320725,0.08532412681428568,0.00303030303030303,0.03316326530612245,,4.0,1850.0
1791134910,0.029360127250000003,0.06229939312000002,0.16519965208500018,0.0,0.033591731266149866,9952.0,4.0,2268.0
1791134920,0.0255386505,0.0468643549,0.07079985146500002,0.002994011976047904,0.03807106598984772,-9488.0,6.0,2694.0
1791134930,0.026048834815789474,0.0492397955,0.08581545956124993,0.003021148036253777,0.03526448362720403,-101368.0,7.0,3107.0
1791134940,0.023923066833333333,0.04134651530000001,0.06527735038,0.0,0.027989821882951654,104160.0,7.0,3518.0
1791134950,0.0239123534137931,0.049213165,0.0757211680850001,0.0,0.0375,-84056.0,7.0,3948.0
1791134960,0.02345966604237288,0.04708805110000001,0.07966780836142859,0.003257328990228013,0.034739454094292806,87624.0,8.0,4337.0
1791134970,0.024766365999999998,0.043190575,0.09328132057000003,0.0030120481927710845,0.03722084367245657,30008.0,9.0,4736.0
1791134980,0.024691890872881355,0.04288256254,0.06148849397500002,0.0,0.03482587064676617,-126344.0,9.0,5121.0
1791134990,0.024657423045454544,0.04631528240909091,0.08012798342200006,0.0032362459546925564,0.03350515463917526,148144.0,10.0,5513.0
1791135000,0.023333828758620688,0.045391688249999985,0.07732432425666663,0.0,0.03258145363408521,36376.0,10.0,5918.0
1791135010,0.024098182545454545,0.04414271780000002,0.07180648440999998,0.0,0.03482587064676617,-142576.0,10.0,6305.0
1791135020,0.02435402277419355,0.043993587,0.06569212064000002,0.0,0.03482587064676617,76712.0,10.0,6667.0
1791135030,0.022820621403225806,0.04164190900000001,0.07706334534500017,0.0,0.02977667493796526,-576.0,12.0,7078.0
1791135040,0.0235679935,0.04507478530000001,0.06707158127999999,0.0,0.03217821782178218,-121040.0,12.0,7461.0
1791135050,0.024994627428571427,0.044870826999999995,0.06457363903999999,0.0,0.034567901234567905,214072.0,12.0,7874.0
1791135060,0.023515605631147542,0.042418392925000006,0.06646573707999992,0.0030959752321981426,0.03740648379052369,-185808.0,13.0,8284.0
1791135070,0.02488146392372881,0.044354763156250004,0.08940391959666659,0.0,0.034567901234567905,120600.0,13.0,8673.0
1791135080,0.024038322491935483,0.04462739289999999,0.06351108151999998,0.0034129692832764505,0.04020100502512563,-23528.0,14.0,9045.0
1791135090,0.02644544159322034,0.049632595375,0.08798717693333341,0.0,0.03258145363408521,21216.0,14.0,9444.0
1791135100,0.024233756,0.041905755800000014,0.07399870726800009,0.0,0.03508771929824561,27208.0,14.0,9859.0
1791135110,0.024302290375,0.040992329650000006,0.06659156626,0.005934718100890208,0.04176904176904177,5264.0,16.0,10274.0
1791135120,0.023042780861111112,0.04377610458333334,0.07826171789857146,0.0,0.042499999999999996,-179272.0,16.0,10713.0
1791135130,0.030198988,0.12399161454285705,0.25984552038399983,0.0034246575342465756,0.03731343283582089,154696.0,18.0,11077.0
1791135140,0.025202615638157896,0.044062265657894735,0.06638185096000003,0.0,0.034912718204488775,-23296.0,18.0,11467.0
1791135150,0.024258947013513513,0.04450377131578947,0.06567720755199997,0.0,0.03740648379052369,-36672.0,18.0,11878.0
1791135160,0.024554154203125,0.0419430385,0.07661595292499994,0.0,0.03007518796992481,187568.0,18.0,12283.0
1791135170,0.023701146,0.042191589833333334,0.06649369911999993,0.0,0.02977667493796526,-169128.0,18.0,12684.0
1791135180,0.02526061002542373,0.0432381217631579,0.07825639179833321,0.0,0.0375,177256.0,18.0,13077.0
1791135190,0.022306070943181818,0.042342496,0.07102354767499994,0.0,0.030226700251889168,-30432.0,18.0,13464.0
1791135200,0.024008774189655174,0.04652881060000001,0.08673820642749996,0.0,0.03291139240506329,37624.0,18.0,13843.0
1791135210,0.0238499635,0.0439669565,0.0746399697366666,0.0,0.032418952618453865,60624.0,18.0,14220.0
1791135220,0.0245635645,0.0416767335,0.06682924359999994,0.0,0.03759398496240601,-42432.0,18.0,14612.0
1791135230,0.023789914333333335,0.0441100954375,0.06671739543999998,0.003048780487804878,0.03526448362720403,-68608.0,19.0,15030.0
1791135240,0.024626205473684208,0.04570859119999999,0.0847808645899997,0.0,0.03233830845771144,94240.0,19.0,15401.0
1791135250,0.023453862785714284,0.0422062105,0.08149998684333339,0.0,0.030379746835443037,15216.0,19.0,15781.0
