# t002 (aa), experiment side, recorded by bench trials
timestamp,latency_p50,latency_p90,latency_p99,error_rate,cpu,heap_growth,errors_total,requests_total
1791134900,0.02542473113888889,0.04394955346825,0.07968762145431432,0.006230529595015576,0.03291139240506329,,3.0,1803.0
1791134910,0.029984810787234042,0.0539853506,0.2755937348000002,0.0,0.042492917847025496,-24704.0,3.0,2177.0
1791134920,0.025807574893442625,0.047460878100000006,0.07574353770600004,0.003257328990228013,0.03731343283582089,13616.0,4.0,2569.0
1791134930,0.02453442293548387,0.045298481499999994,0.06408896368,0.0032467532467532465,0.03266331658291457,45520.0,5.0,2943.0
1791134940,0.02454971108474576,0.04533576420000001,0.08200064026571437,0.0,0.02763819095477387,-145984.0,5.0,3346.0
1791134950,0.02422341112413083,0.041679866499999996,0.06612087191999995,0.0028328611898017,0.039603960396039604,127264.0,6.0,3775.0
1791134960,0.022799806,0.042837823299999994,0.07616856050500002,0.0,0.03658536585365854,-148024.0,6.0,4193.0
1791134970,0.022112076032894737,0.04480137883333333,0.07443491487750001,0.0037174721189591076,0.027227722772277228,129072.0,7.0,4525.0
1791134980,0.022820621403225806,0.0389604225,0.06140460790000002,0.0,0.03233830845771144,1008.0,7.0,4912.0
1791134990,0.023502408812311214,0.040859510031250004,0.06485325944000005,0.003115264797507788,0.035175879396984924,17536.0,8.0,5304.0
1791135000,0.0243456041,0.04421994625,0.08850913475666645,0.0,0.02777777777777778,3472.0,8.0,5705.0
1791135010,0.023282666714285714,0.041383798000000006,0.075072449076,0.0,0.029925187032418952,19448.0,8.0,6114.0
1791135020,0.0243054535,0.04059428200000001,0.06677331951999999,0.0,0.03508771929824561,-98240.0,8.0,6484.0
1791135030,0.0218472535,0.038884692015625,0.07120996118333342,0.0,0.040100250626566414,101096.0,8.0,6935.0
1791135040,0.02653850472727273,0.045745873900000004,0.07751073776500007,0.0,0.03508771929824561,-147112.0,8.0,7335.0
1791135050,0.0239774374375,0.043554967000000014,0.06358564696000002,0.0,0.030303030303030304,127136.0,8.0,7736.0
1791135060,0.022763452338028168,0.043117443549999995,0.06453635632000002,0.0029585798816568047,0.03217821782178218,-123744.0,9.0,8157.0
1791135070,0.0232184681875,0.0425351755,0.07180648440999997,0.005934718100890208,0.0375,177608.0,11.0,8574.0
1791135080,0.0219419665,0.03958623925000001,0.06470412855999996,0.0,0.0297029702970297,-31136.0,11.0,8975.0
1791135090,0.025954496,0.045298481499999994,0.07001691472999991,0.0,0.03526448362720403,-17648.0,11.0,9416.0
1791135100,0.0235311205,0.04300265207894737,0.07163871225250001,0.0,0.03649635036496351,-3616.0,11.0,9820.0
1791135110,0.022990999333333335,0.04344868600000003,0.07471453513999998,0.0,0.03731343283582089,14424.0,11.0,10219.0
1791135120,0.02379314227272727,0.044599430875000005,0.06520744527999998,0.0,0.035,134184.0,11.0,10594.0
1791135130,0.026666224841463415,0.0762600725909091,0.1571465885250001,0.0,0.03508771929824561,134640.0,11.0,10979.0
1791135140,0.024420169499999998,0.043117443549999995,0.06422318147200001,0.0,0.0399002493765586,119928.0,11.0,11412.0
1791135150,0.02384130652631579,0.03983035216666666,0.07113539577999983,0.0,0.03233830845771144,-48920.0,11.0,11828.0
1791135160,0.02372262220967742,0.04166341825,0.06282135119999997,0.0030303030303030303,0.03258145363408521,96232.0,12.0,12242.0
1791135170,0.022686172226415093,0.043448686,0.07232844223333325,0.0,0.03768844221105528,-27352.0,12.0,12669.0
1791135180,0.024500061,0.041458363399999996,0.06062167119999998,0.0,0.03768844221105527,214992.0,12.0,13080.0
1791135190,0.02432696275,0.04598677750000001,0.07601197315800004,0.0,0.03491271820448878,-15200.0,12.0,13459.0
1791135200,0.024810750166666666,0.04286700106521739,0.06355768491999997,0.0030581039755351682,0.032663316582914576,-6888.0,13.0,13869.0
1791135210,0.02379141888135593,0.04235639017391305,0.0675562564200007,0.003355704697986577,0.03,119528.0,14.0,14246.0
1791135220,0.024652235285714287,0.042455675625,0.07225387682999987,0.0,0.032828282828282825,-20248.0,14.0,14631.0
1791135230,0.02431848940909091,0.04394972500000001,0.07498297059199996,0.0,0.038167938931297704,-123368.0,14.0,15023.0
1791135240,0.02431848940909091,0.04347162919999999,0.0777717166766667,0.0031847133757961785,0.02977667493796526,161416.0,15.0,15419.0
1791135250,0.024262435,0.044110095437499997,0.08310314301499991,0.0,0.03233830845771144,-114880.0,15.0,15838.0
