# t003 (latency_25), experiment side, recorded by bench trials
timestamp,latency_p50,latency_p90,latency_p99,error_rate,cpu,heap_growth,errors_total,requests_total
1791134900,0.029067501406976747,0.05363116495000001,0.08786467662785713,0.0,0.034739454094292806,,2.0,1794.0
1791134910,0.034486498500000004,0.07746517001851852,0.1979711468500005,0.0,0.04774535809018567,83112.0,2.0,2182.0
1791134920,0.0320289347641,0.06009822209200001,0.10267119268095992,0.0031847133757961785,0.033419023136246784,-72304.0,3.0,2562.0
1791134930,0.03159218363157895,0.060397975000000007,0.12157889113500005,0.003067484662576687,0.03508771929824561,2216.0,4.0,2966.0
1791134940,0.0314402291097561,0.057296732227272745,0.08923614743916661,0.0,0.03398058252427184,21696.0,4.0,3377.0
1791134950,0.030059177875000002,0.055397707000000004,0.09574197887999986,0.003164556962025317,0.037037037037037035,-93664.0,5.0,3773.0
1791134960,0.029764023166666667,0.050718812500000016,0.08273564209857139,0.003215434083601286,0.03676470588235294,-25152.0,6.0,4165.0
1791134970,0.030012574500000003,0.05312784850000001,0.0992651941875001,0.0,0.03658536585365854,30904.0,6.0,4566.0
1791134980,0.02821622622727273,0.0523289335,0.08556380132500006,0.0,0.034999999999999996,-49392.0,6.0,4976.0
1791134990,0.028195042875,0.047349030000000014,0.09589110968666635,0.0,0.03350515463917526,38824.0,6.0,5357.0
1791135000,0.029056192195652177,0.05816101299999999,0.10137912337199982,0.0029940119760479044,0.03233830845771144,-38304.0,7.0,5754.0
1791135010,0.029331594571428574,0.05089088650000001,0.08108987712500004,0.0,0.03482587064676617,35040.0,7.0,6149.0
1791135020,0.027838664125000002,0.04916656162500001,0.08752114316249994,0.0029850746268656717,0.034912718204488775,104056.0,8.0,6576.0
1791135030,0.02890989125423729,0.05114508672727274,0.08293537085750007,0.0029940119760479044,0.032663316582914576,-216.0,9.0,6976.0
1791135040,0.027812229437500002,0.05332757725,0.0860431503464286,0.0,0.032418952618453865,-464.0,9.0,7377.0
1791135050,0.03090539705263158,0.055924051,0.08520792099090917,0.0,0.03667481662591687,109832.0,9.0,7756.0
1791135060,0.029027246,0.053407468750000006,0.08674939123799993,0.0,0.03740648379052369,-83696.0,9.0,8148.0
1791135070,0.02980857482075472,0.05709337204545455,0.09492175944333346,0.0030581039755351682,0.032418952618453865,-23272.0,10.0,8549.0
1791135080,0.027871825919354838,0.053127848500000005,0.0815248419777778,0.0,0.03508771929824561,-272.0,10.0,8950.0
1791135090,0.031074779726415095,0.05919960250000002,0.08934426727400004,0.0,0.027777777777777776,22632.0,10.0,9335.0
1791135100,0.030198988000000003,0.056010088,0.09410154000666669,0.0,0.03526448362720403,-141304.0,10.0,9768.0
1791135110,0.02823482624390244,0.05117050675000001,0.08284216410333323,0.0,0.034229828850855744,118592.0,10.0,10118.0
1791135120,0.028822396,0.0497025004375,0.08918022338666673,0.0,0.03,-120.0,10.0,10501.0
1791135130,0.03987628013043478,0.1744830448,0.4652881230000003,0.0,0.024999999999999998,-95080.0,10.0,10919.0
1791135140,0.028633114600000002,0.05415312275,0.08522825701000002,0.0,0.03508771929824561,8432.0,10.0,11320.0
1791135150,0.028212432194029854,0.05021979789999999,0.08606711779749987,0.0,0.03225806451612903,-7120.0,10.0,11728.0
1791135160,0.029442368500000003,0.054525949750000004,0.10267656138999995,0.0,0.03,70768.0,10.0,12096.0
1791135170,0.0298809885,0.054078557349999994,0.09596567509000004,0.003194888178913738,0.0325,-14104.0,11.0,12490.0
1791135180,0.02895234771875,0.050751076375000016,0.08534010511499995,0.0,0.0375,86504.0,11.0,12889.0
1791135190,0.027595310918032787,0.049138599600000006,0.0819473792633334,0.0,0.0325,41280.0,11.0,13272.0
1791135200,0.0296397475,0.05694085190909091,0.089478485,0.0,0.030303030303030304,72896.0,11.0,13667.0
1791135210,0.027623092363636366,0.05396670925000001,0.09328132057000003,0.0,0.03007518796992481,253592.0,11.0,14076.0
1791135220,0.030703401,0.05381136466666667,0.0923865357299999,0.0,0.0375,150464.0,11.0,14520.0
1791135230,0.029967997358695653,0.06102712056250001,0.10301210570499998,0.0,0.03333333333333333,-85032.0,11.0,14930.0
1791135240,0.02816175475,0.051822954000000025,0.20557681798999994,0.0,0.029339853300733496,52456.0,11.0,15352.0
1791135250,0.029826161000000004,0.05676291175000002,0.09932111824000016,0.0,0.04,32800.0,11.0,15745.0
