# t003 (latency_25), control side, recorded by bench trials
timestamp,latency_p50,latency_p90,latency_p99,error_rate,cpu,heap_growth,errors_total,requests_total
1791134900,0.02406428918181818,0.04297321836842105,0.06417284979999997,0.0,0.034912718204488775,,0.0,1762.0
1791134910,0.029515471833333334,0.06457077113846155,0.30437598080833295,0.0,0.04497354497354497,93864.0,0.0,2197.0
1791134920,0.0258541195,0.04725582325000001,0.07825639179833337,0.0,0.04060913705583757,3712.0,0.0,2573.0
1791134930,0.024665011111940298,0.0456713085,0.07404344651000005,0.0,0.0379746835443038,146288.0,1.0,3011.0
1791134940,0.024106655886363636,0.04718177980780002,0.07772101220240006,0.0031545741324921135,0.03535353535353536,66784.0,2.0,3397.0
1791134950,0.024928857186440678,0.042875105999999996,0.067108864,0.0,0.03508771929824561,-190736.0,2.0,3771.0
1791134960,0.024591261342465753,0.04316020899999999,0.06660554727999991,0.0,0.0373134328358209,151720.0,2.0,4176.0
1791134970,0.023347692109826085,0.041756625000000006,0.06663350932000003,0.0029940119760479044,0.03722084367245657,-150360.0,3.0,4585.0
1791134980,0.023488102,0.045112068,0.06505831439999996,0.0032258064516129032,0.032663316582914576,129240.0,4.0,4971.0
1791134990,0.0248162981875,0.04362076,0.0812017252299999,0.0,0.035443037974683546,21608.0,4.0,5362.0
1791135000,0.02525602358064516,0.04594375900000001,0.06688516768,0.0,0.032418952618453865,-83424.0,5.0,5765.0
1791135010,0.024380924552631578,0.044619403749999995,0.06171219027999998,0.0,0.03,81392.0,5.0,6136.0
1791135020,0.023955526895522387,0.04068474737500001,0.061001954740000024,0.0,0.030379746835443037,-67480.0,5.0,6557.0
1791135030,0.022541695,0.042390430900000005,0.08172368305333318,0.0,0.03258145363408521,91936.0,5.0,6936.0
1791135040,0.023315395375000002,0.04340327758333335,0.06496976794000003,0.0028328611898016994,0.035175879396984924,21328.0,7.0,7355.0
1791135050,0.024466772875,0.043594129499999995,0.08254390248999995,0.0,0.039603960396039604,-166304.0,7.0,7744.0
1791135060,0.023625058857142858,0.040544937249999996,0.067108864,0.0,0.0325,170824.0,7.0,8128.0
1791135070,0.024301542727272727,0.04462739290000001,0.08224564087666668,0.0,0.03007518796992481,-48744.0,7.0,8518.0
1791135080,0.024135643631578947,0.04405572483333334,0.08174498745428566,0.0,0.0399002493765586,58080.0,7.0,8947.0
1791135090,0.024968907830985914,0.04514596136363637,0.07203018061999998,0.0,0.03258145363408521,-56728.0,7.0,9324.0
1791135100,0.02501865494736842,0.04344415773684211,0.06699701583999995,0.003289473684210526,0.02743142144638404,-73464.0,8.0,9725.0
1791135110,0.023282666714285714,0.042378003333333344,0.06576668608000003,0.0,0.0325,76768.0,8.0,10101.0
1791135120,0.02454035715131579,0.03894178115000001,0.07711926939750012,0.0,0.03233830845771144,21216.0,8.0,10499.0
1791135130,0.028813044152173915,0.12434877655882354,0.20841030331666657,0.003278688524590164,0.0325,-10496.0,9.0,10886.0
1791135140,0.02383225,0.043247932999999995,0.07661595292499994,0.0030303030303030303,0.03722084367245657,129272.0,10.0,11306.0
1791135150,0.023080519940677967,0.045941608075,0.06641913367999999,0.0,0.0325,-54112.0,10.0,11721.0
1791135160,0.0231123622890625,0.04126396075,0.06547308465999999,0.0,0.032418952618453865,19936.0,10.0,12110.0
1791135170,0.02233509998148148,0.04220114950000001,0.07834959855249995,0.0,0.03258145363408521,-7808.0,11.0,12496.0
1791135180,0.023257304333333333,0.04243237393750001,0.07068800335999993,0.0,0.035175879396984924,-79624.0,11.0,12908.0
1791135190,0.0228502183046875,0.04158983397368421,0.06607426851999999,0.002967359050445104,0.0325,103592.0,12.0,13331.0
1791135200,0.025700391625,0.041491344250000006,0.06288659596000003,0.005698005698005698,0.0399002493765586,-74320.0,15.0,13751.0
1791135210,0.023285618370689654,0.04414893158333334,0.07616856050500002,0.0,0.030150753768844223,124112.0,15.0,14144.0
1791135220,0.024170564983050848,0.04402021749999999,0.0748040136239999,0.0,0.03291139240506329,-107200.0,15.0,14547.0
1791135230,0.023743194157894738,0.046603376,0.07893280652857139,0.0,0.04030226700251889,96944.0,15.0,14952.0
1791135240,0.023382039146551722,0.0397060765,0.07734296560749991,0.0,0.029925187032418952,-44272.0,15.0,15354.0
1791135250,0.024124101,0.04438603647368421,0.07367061949333312,0.0,0.034912718204488775,4856.0,15.0,15762.0
