epoch_s,windows_host_cpu_pct
1791150609,1
1791150625,50
1791150641,28
1791150657,37
1791150673,46
1791150689,37
1791150705,45
1791150721,49
1791150737,17
1791150754,4
1791150770,12
1791150786,17
1791150802,8
1791150818,20
1791150834,19
1791150850,8
1791150866,11
1791150882,2
1791150898,5
1791150914,16
1791150930,44
1791150946,15
1791150962,7
1791150978,6
1791150994,5
1791151011,13
1791151027,3
1791151043,3
1791151059,5
1791151075,7
1791151091,7
1791151107,4
1791151123,13
1791151139,10
1791151155,8
1791151171,8
1791151187,8
1791151203,44
1791151219,43
1791151235,7
1791151251,21
1791151267,54
1791151284,10
1791151300,6
1791151316,40
1791151332,74
1791151348,73
1791151364,51
1791151380,14
1791151396,25
1791151412,10
1791151428,1
1791151444,3
1791151460,15
1791151476,33
1791151492,28
1791151509,26
1791151525,33
1791151541,59
1791151557,100
1791151573,93
1791151589,90
1791151605,23
1791151621,16
1791151637,29
1791151653,17
1791151669,90
1791151685,100
1791151702,96
1791151718,60
1791151734,100
1791151750,71
1791151766,100
1791151782,51
1791151798,38
1791151814,13
1791151830,100
1791151846,68
1791151862,29
1791151879,99
1791151895,100
1791151911,100
1791151927,100
1791151943,34
1791151959,100
1791151975,46
1791151991,74
1791152007,67
1791152024,31
1791152040,65
1791152056,63
1791152072,100
1791152088,17
1791152104,30
1791152120,60
1791152136,37
1791152152,67
1791152168,100
1791152184,86
1791152201,100
1791152217,93
1791152233,37
1791152249,100
1791152265,36
1791152281,100
1791152297,91
1791152313,100
1791152329,46
1791152346,100
1791152362,100
1791152378,77
1791152394,100
1791152410,45
1791152426,47
1791152442,97
1791152458,100
1791152475,100
1791152491,100
1791152507,38
1791152523,100
1791152539,100
1791152555,62
1791152571,100
1791152587,93
1791152603,49
1791152619,99
1791152636,100
1791152652,100
1791152668,93
1791152684,100
1791152700,74
1791152716,80
1791152732,90
1791152749,100
1791152765,97
1791152781,100
1791152797,100
1791152813,76
1791152829,57
1791152846,100
1791152862,100
1791152878,99
1791152894,76
1791152911,100
1791152927,93
1791152943,72
1791152960,100
1791152976,100
1791152992,100
1791153008,100
1791153024,100
1791153040,73
1791153056,66
1791153072,100
1791153088,100
1791153105,90
1791153121,100
1791153137,100
1791153153,100
1791153169,100
1791153185,100
1791153201,100
1791153217,100
1791153234,100
1791153250,100
1791153266,100
1791153282,100
1791153298,100
1791153314,100
1791153330,100
1791153347,100
1791153363,100
1791153379,100
1791153395,100
1791153412,100
1791153428,100
1791153444,100
1791153460,100
1791153476,100
1791153492,100
1791153508,100
1791153525,100
1791153541,79
1791153557,100
1791153573,100
1791153589,100
1791153605,100
1791153621,100
1791153638,100
1791153654,100
1791153670,100
1791153686,100
1791153703,100
1791153719,100
1791153735,100
1791153751,76
1791153767,100
1791153783,97
1791153799,100
1791153815,100
1791153832,100
1791153848,100
1791153864,100
1791153880,100
1791153896,100
1791153912,100
1791153928,100
1791153945,100
1791153961,100
1791153977,100
1791153994,100
1791154010,100
1791154026,100
1791154043,100
1791154059,100
1791154075,100
1791154091,93
1791154108,100
1791154124,100
1791154140,93
1791154156,100
1791154173,100
1791154189,100
1791154205,90
1791154221,100
1791154238,100
1791154254,100
1791154271,100
1791154287,100
1791154303,100
1791154319,100
1791154335,100
1791154352,100
1791154368,100
1791154385,100
1791154401,94
1791154417,91
1791154433,51
1791154449,63
1791154465,88
1791154481,54
1791154497,96
1791154513,100
1791154529,100
1791154545,100
1791154562,100
1791154578,100
1791154594,100
1791154610,100
1791154626,100
1791154642,100
1791154658,100
1791154674,100
1791154691,100
1791154707,100
1791154723,100
1791154739,30
1791154755,100
1791154771,100
1791154787,100
1791154803,100
1791154820,100
1791154836,100
1791154852,100
1791154868,100
1791154884,100
1791154900,100
1791154917,100
1791154933,100
1791154949,100
1791154965,100
1791154981,100
1791154997,73
1791155013,100
1791155029,100
1791155045,100
1791155061,100
1791155078,100
1791155094,100
1791155110,100
1791155126,100
1791155142,100
1791155158,87
1791155174,79
1791155190,68
1791155206,87
1791155222,66
1791155238,79
1791155254,79
1791155271,74
1791155287,77
1791155303,96
1791155319,100
1791155335,63
1791155351,45
1791155367,56
1791155383,100
1791155399,100
1791155415,100
1791155431,28
1791155448,100
1791155464,93
1791155480,100
1791155496,65
1791155512,40
